epoch,Response_Classification_acc,Response_Classification_loss,Survival_Rate_acc,Survival_Rate_loss,Treatment_Regress_acc,Treatment_Regress_loss,loss,val_Response_Classification_acc,val_Response_Classification_loss,val_Survival_Rate_acc,val_Survival_Rate_loss,val_Treatment_Regress_acc,val_Treatment_Regress_loss,val_loss
0,0.4755011135857461,7.891603739596157,0.46380846325167036,7.793816049274199,0.37082405345211583,9.067549872239077,26.834762399074496,0.7037861915367484,4.774402503977905,0.7037861915367484,4.774402503977905,0.5033407572383074,7.911360184456702,18.969648875213146
1,0.5278396436525612,7.242738238421739,0.48106904231625836,7.851639657084289,0.4237193763919822,8.60947617443739,24.936902315951137,0.7037861915367484,4.774402503977905,0.6726057906458798,5.221173942221831,0.4142538975501114,8.26165686842917,19.259080566117387
2,0.5484409799554566,6.915653994261289,0.48552338530066813,7.462666351837677,0.4610244988864143,8.048764776811833,23.274611054656233,0.7037861915367484,4.774402503977905,0.7037861915367484,4.774402503977905,0.6391982182628062,5.223452110950419,15.52330742009764
3,0.5556792873051225,6.907235971554483,0.482739420935412,7.57273981851912,0.44821826280623606,8.241593731027967,23.41506958432612,0.7037861915367484,4.774402503977905,0.7037861915367484,4.774402503977905,0.6636971046770601,5.010478179519149,15.20166994999671
4,0.5579064587973274,6.902000095404689,0.4821826280623608,7.756224108462376,0.4749443207126949,7.892224193310815,23.152478024794956,0.7037861915367484,4.774402503977905,0.7037861915367484,4.774402503977905,0.7015590200445434,4.4416255875789385,14.54699909872892
5,0.5161469933184856,7.3527003502792665,0.4922048997772829,7.42946570567405,0.4955456570155902,7.666515684726011,23.023394463587977,0.5389755011135857,6.123903299484792,0.7037861915367484,4.774402503977905,0.7238307349665924,4.133760289819526,15.644734398559367
6,0.5573496659242761,6.780645111986436,0.5027839643652561,7.440934955410012,0.5111358574610245,7.517578664495048,22.339853014871643,0.7037861915367484,4.774402503977905,0.7037861915367484,4.774402503977905,0.7483296213808464,3.0340549239140624,13.187590331436532
7,0.5612472160356348,6.840096240917421,0.5022271714922049,7.543362822723814,0.5317371937639198,7.100953181761716,22.12241184897306,0.7037861915367484,4.774402616948126,0.7037861915367484,4.774402503977905,0.7728285077951003,3.1999954374096475,13.365457850203482
8,0.5623608017817372,6.656750963096236,0.4760579064587973,7.651619373490922,0.5139198218262806,7.332405009620174,22.288328544599707,0.7037861915367484,4.774402503977905,0.7037861915367484,4.774402503977905,0.6904231625835189,4.326692883322997,14.51981408452669
9,0.5684855233853007,6.715918145493038,0.5027839643652561,7.153495987333805,0.522271714922049,7.249002256478392,21.74805390542759,0.7037861915367484,4.774402503977905,0.7037861915367484,4.774402503977905,0.5590200445434298,6.9043751546163135,17.055558207836874
10,0.5623608017817372,6.733854331524175,0.49498886414253895,6.95845679261262,0.5311804008908686,7.113167969314983,21.419553094027037,0.5657015590200446,5.957736687588345,0.2583518930957684,8.129083529726714,0.5389755011135857,7.3387717510384896,22.109864048012646
11,0.5634743875278396,6.613479036497645,0.4838530066815145,5.5166351424824684,0.5200445434298441,7.272243834816268,20.176576427468213,0.7037861915367484,4.774402503977905,0.7037861915367484,4.798364711649387,0.22939866369710468,10.624125343786847,21.026216249954462
12,0.5812917594654788,6.357842538298371,0.4766146993318486,3.6916149310385995,0.5467706013363028,6.458322030730745,17.30912981266965,0.7037861915367484,4.781333731041668,0.0,6.362137620326936,0.7037861915367484,4.360455522234403,16.3002397796359
13,0.5851893095768375,6.291634129615268,0.48830734966592426,2.7537287286501417,0.534521158129176,6.672556151260512,16.472023698428693,0.35412026726057905,9.573022217188045,0.44766146993318484,4.363506988165921,0.5144766146993318,6.474778570002499,21.148793414865676
14,0.576837416481069,6.3302869946875635,0.47939866369710465,1.9020875023308734,0.5339643652561247,6.281637421501375,15.238755946169983,0.6035634743875279,6.3102151322706055,0.6302895322939867,1.262957429434515,0.48775055679287305,7.424444353461001,15.719360600070061
15,0.6074610244988864,5.878246690322933,0.4771714922048998,1.5481700598529824,0.49498886414253895,6.008844264955125,14.1263595965498,0.5144766146993318,7.068448382551862,0.6904231625835189,1.64527560700818,0.40311804008908686,7.206716752398559,16.595514892204303
16,0.5929844097995546,5.92616898224526,0.5089086859688196,1.2395357707295491,0.5289532293986637,4.741236483814083,12.655099940990286,0.4209354120267261,8.634236822415037,0.6503340757238307,1.2840672132698092,0.44988864142538976,7.6366339526357,18.315698073542197
17,0.6158129175946548,5.553281486963642,0.48830734966592426,1.381038003217404,0.5233853006681515,4.465704475120871,12.142520311946061,0.7037861915367484,4.774402503977905,0.6815144766146993,1.605087511656279,0.0022271714922048997,7.669150999765884,14.748668802342065
18,0.5812917594654788,5.8874111547319465,0.4927616926503341,1.203724455859985,0.5389755011135857,4.494964730434269,12.36881843919478,0.6859688195991092,5.061584600361525,0.6859688195991092,1.9102283200468944,0.2071269487750557,7.564365947697901,15.33720756904585
19,0.6152561247216035,5.395606610707165,0.5144766146993318,1.2197909568890697,0.5462138084632516,4.003522050075382,11.355313595259906,0.7037861915367484,4.774402503977905,0.643652561247216,1.2451968599268481,0.532293986636971,6.751569075275001,13.480981272419205
20,0.6013363028953229,5.317012926091283,0.5256124721603563,1.0715533966211008,0.5428730512249443,3.602718469493904,10.68724312601748,0.7037861915367484,4.775469446608712,0.5879732739420935,1.8988055473977579,0.41202672605790647,6.139086062579744,13.474048426528284
21,0.5863028953229399,4.726883797860706,0.5373051224944321,1.0492378304025909,0.5278396436525612,3.641653715103931,10.052906486664158,0.7037861915367484,4.775221482596196,0.7037861915367484,1.4048335836963823,0.44097995545657015,5.433168886822622,12.264626399976905
22,0.5812917594654788,2.1805361575366127,0.5746102449888641,0.9401956827178565,0.544543429844098,1.8979019505077588,5.626153675113329,0.7037861915367484,1.4230765940949222,0.7037861915367484,1.1825414872116395,0.40311804008908686,2.2809912648657646,5.4233052895170015
23,0.6180400890868597,1.0564570176043862,0.5952115812917594,0.8978198158050699,0.5551224944320713,1.0407017300813926,3.4703287494209136,0.623608017817372,1.4518725698137602,0.5523385300668151,1.7523238292515677,0.3429844097995546,1.5937402484677152,5.222610857014136
24,0.6492204899777283,0.9038043075919416,0.6085746102449888,0.8630387400731212,0.5601336302895323,0.931353086219864,3.0848106467113197,0.6703786191536748,1.3487810261530973,0.6302895322939867,1.2935840407830304,0.33407572383073497,1.6936631616877023,4.68802541189045
25,0.6403118040089086,0.903720793187751,0.5968819599109132,0.8789653511249143,0.566815144766147,0.935910224781801,3.0479382645579385,0.6124721603563474,1.2805996689870787,0.5968819599109132,1.5999845847786136,0.42761692650334077,1.6004268961122678,4.787730261583902
26,0.6364142538975501,0.8968068502660849,0.6069042316258352,0.8595022965380238,0.5712694877505567,0.9228711468738012,2.9753833544546353,0.7037861915367484,1.2671189304184012,0.6837416481069042,1.344836509572902,0.40979955456570155,1.6528909753319416,4.544781854795188
27,0.6520044543429844,0.8792229815155997,0.60913140311804,0.8605532320942273,0.5824053452115813,0.935941115652267,2.948985826199198,0.6904231625835189,1.1771667479539503,0.6525612472160356,1.3912158632331542,0.31625835189309576,1.569985111996963,4.407903182745511
28,0.6531180400890868,0.8799778973073895,0.6224944320712695,0.8442847288000026,0.5762806236080178,0.9203948415732862,2.9052590495494,0.42316258351893093,1.3444339496255717,0.133630289532294,1.7494726889914023,0.2650334075723831,1.6078592283954067,4.96224310244112
29,0.6737193763919822,0.844629932684463,0.6347438752783965,0.8254051268897237,0.5846325167037862,0.88784104917522,2.816487271429967,0.6124721603563474,1.3478969776285252,0.4610244988864143,1.6317716474522461,0.2984409799554566,1.8251718909278478,5.056606080324984
30,0.6547884187082406,0.8556322124859272,0.5946547884187082,0.8362104388281604,0.576837416481069,0.897501735618226,2.8482540360006827,0.6726057906458798,1.6931813367225546,0.6770601336302895,1.6530381446426323,0.41202672605790647,2.1761444252158593,5.774418861138528
31,0.6804008908685969,0.8217937589886459,0.6141425389755011,0.8248426449590908,0.6041202672605791,0.8649927384338294,2.7561065906405715,0.5300668151447662,1.494099996801474,0.47216035634743875,1.793921961152474,0.27616926503340755,1.931031063033106,5.457214360247741
32,0.6737193763919822,0.8063447235156274,0.6325167037861915,0.8049611633763812,0.6018930957683741,0.8538232753696314,2.697985405911316,0.34743875278396436,1.7342801853383836,0.41648106904231624,2.0477398874233983,0.24944320712694878,1.9072265874569558,5.923264043633815
33,0.6726057906458798,0.8449126869639203,0.6291759465478842,0.8103713983947822,0.5785077951002228,0.8910117372372633,2.7820268818955114,0.6102449888641426,1.3051002507485898,0.5389755011135857,1.6164430658642062,0.36971046770601335,1.5242934115479942,4.6799074764506585
34,0.6748329621380846,0.8092330400821627,0.6347438752783965,0.8067843815797155,0.5913140311804009,0.8699646779317367,2.713359891173569,0.5100222717149221,1.5401286903627731,0.4365256124721604,1.8613592795115006,0.2739420935412027,1.7730127719038047,5.385566046614955
35,0.6993318485523385,0.8132964912926434,0.6391982182628062,0.7983621316391535,0.6035634743875279,0.8939420462052913,2.7224297714658197,0.4610244988864143,1.3709775170929448,0.48997772828507796,1.514393407411724,0.28507795100222716,1.5300071643030724,4.636094675297726
36,0.6753897550111359,0.8023098139030099,0.6230512249443207,0.8035750734248511,0.6030066815144766,0.8647922959784357,2.694540209653383,0.311804008908686,1.039075922594304,0.5879732739420935,1.0464359391771074,0.5033407572383074,1.4791331766442892,3.7883273084338898
37,0.678173719376392,0.8135138102257438,0.6319599109131403,0.7984486371610637,0.5924276169265034,0.8889537812075795,2.738335122509895,0.6080178173719376,1.7740667893785675,0.576837416481069,1.653550888222947,0.37193763919821826,2.044757884435505,5.695612319062707
38,0.6937639198218263,0.7854518614261347,0.6414253897550112,0.7806888593066243,0.5985523385300668,0.8861411346624583,2.6707864402397172,0.5501113585746102,1.211742439620479,0.5011135857461024,1.3608784396823637,0.35412026726057905,1.3873389547811055,4.177922152198502
39,0.6759465478841871,0.8140381996111243,0.6319599109131403,0.8105685027245689,0.5996659242761693,0.87707156434091,2.7320033813637985,0.6837416481069042,1.821271633318644,0.6703786191536748,1.6133209393921832,0.5233853006681515,1.854805476017678,5.514849886331367
40,0.6904231625835189,0.796051181703474,0.6185968819599109,0.8149160389645328,0.6007795100222717,0.872672793196145,2.704077970211649,0.2650334075723831,1.5524234527468947,0.27616926503340755,2.1248017565444743,0.33407572383073497,1.5324990032510397,5.440142745164561
41,0.6820712694877505,0.801286640371671,0.6403118040089086,0.783424725378542,0.5946547884187082,0.8757548449034149,2.6935940765856636,0.013363028953229399,2.379382179680805,0.0,3.166320453507863,0.0,2.4184043386200225,8.18582240828958
42,0.6932071269487751,0.7936021821005041,0.64086859688196,0.7972439836818551,0.5968819599109132,0.8721241535482003,2.6939381862801803,0.6904231625835189,1.502972341393575,0.7037861915367484,1.4830947076126038,0.45657015590200445,1.357247946522549,4.583292240023878
43,0.7065701559020044,0.7699590388411669,0.6520044543429844,0.7700806994215151,0.60913140311804,0.8657237295318553,2.6407504681755016,0.6748329621380846,1.435795703550224,0.11581291759465479,2.1178124540367214,0.2583518930957684,1.8802821668059895,5.667054305894338
44,0.6959910913140311,0.7857671732493657,0.6570155902004454,0.7545992029801775,0.6169265033407573,0.8598565736698414,2.628357451317836,0.46325167037861914,1.3493386002585193,0.46993318485523383,1.5986049179244943,0.30066815144766146,1.6620725757029646,4.847646382975419
45,0.6954342984409799,0.8045729269296396,0.6397550111358574,0.7799662437231876,0.5979955456570156,0.8687101358294752,2.696429073412328,0.44766146993318484,1.6092092559438507,0.5634743875278396,1.528728206332914,0.36525612472160357,1.961852425190813,5.339049739667727
46,0.7037861915367484,0.766359250370272,0.6603563474387528,0.7586034902087299,0.5974387527839644,0.8741020228390173,2.6386936356070843,0.4922048997772829,1.450548097391702,0.3674832962138085,1.7587131763619677,0.2806236080178174,1.6294884628601753,5.064213601942848
47,0.7076837416481069,0.7596813628163794,0.6380846325167038,0.769851603327456,0.6208240534521158,0.8253626205475134,2.5893681914875395,0.47884187082405344,1.1150338769224546,0.43429844097995546,1.5582443159778825,0.38752783964365256,1.3710459436233962,4.280640666893702
48,0.6993318485523385,0.7789151769438406,0.6597995545657016,0.7611253529720688,0.6119153674832962,0.8589362033491411,2.6337451701174865,0.6414253897550112,1.553305789197739,0.5902004454342984,1.4740039909337306,0.37639198218262804,1.708714833503842,4.965507615648027
49,0.6943207126948775,0.7749640486288177,0.6625835189309577,0.7612266922846669,0.6130289532293987,0.856708082629737,2.621664361592656,0.33853006681514475,1.2045737183704675,0.26280623608017817,1.5711519983669697,0.46547884187082406,1.6206851496728332,4.620319388757038
50,0.6625835189309577,0.859263321206405,0.6308463251670379,0.8202809704704115,0.5757238307349666,0.927367602132742,2.8324984835091573,0.0,7.525275876102575,0.0,11.740232614207109,0.0,4.038698801219065,23.535153917852117
51,0.6664810690423163,0.8402969081842554,0.6080178173719376,0.8480289484185471,0.5740534521158129,0.9067940976147131,2.830607722756061,0.40089086859688194,1.5619844745155964,0.5723830734966593,1.5286114234435797,0.31625835189309576,1.7402699354762223,5.051883303508461
52,0.6859688195991092,0.8037590091106356,0.6347438752783965,0.7931848711983398,0.5801781737193764,0.9045494280440239,2.7212040395141974,0.30066815144766146,1.451773403482076,0.41202672605790647,1.652365942442072,0.3518930957683742,1.632891602133855,4.958229044763442
53,0.6714922048997772,0.8357988408785355,0.6280623608017817,0.8232528098707476,0.589086859688196,0.8963106922423654,2.7734426629038857,0.5456570155902004,1.253922118641486,0.311804008908686,1.9913071642208737,0.2650334075723831,1.624930039280507,5.093980417485226
54,0.6603563474387528,0.8415795628371376,0.6219376391982183,0.821448119817704,0.5751670378619154,0.9040570702478455,2.788846237887784,0.6080178173719376,1.5641231643065048,0.48329621380846327,1.8183294721860397,0.22494432071269488,1.8923320531314094,5.499610738924192
55,0.6898663697104677,0.7842409768056763,0.6308463251670379,0.8049212516283405,0.606347438752784,0.8720351281038637,2.6792720357134505,0.6837416481069042,1.9099487406108322,0.6391982182628062,1.7978883975067224,0.4521158129175947,2.2449673414230347,6.180485442911331
56,0.6904231625835189,0.7990270511875704,0.6453229398663697,0.7796792997283766,0.5963251670378619,0.8737570096495954,2.6773299634589383,0.7037861915367484,1.7218523833958768,0.6414253897550112,1.658692249144637,0.44988864142538976,2.528851464490317,6.1321616130310606
57,0.7037861915367484,0.7771818515718116,0.6614699331848553,0.7878160066487795,0.6096881959910914,0.835993389509834,2.6190047755273254,0.48552338530066813,1.4992014066148176,0.3585746102449889,2.033985760137605,0.20935412026726058,2.02141880803225,5.770443383197742
58,0.6998886414253898,0.7930685593051741,0.6380846325167038,0.7939151935694212,0.6102449888641426,0.8619958455020973,2.6729082604559067,0.44766146993318484,1.5408555736520508,0.4142538975501114,1.7743163215025497,0.33407572383073497,1.666082446984034,5.200863887047714
59,0.7010022271714922,0.782640476070162,0.6642538975501113,0.7629406004812245,0.6202672605790646,0.853358593841969,2.6243284051296176,0.5077951002227171,1.8185338283700243,0.5991091314031181,1.5011538156953315,0.3741648106904232,1.8614013667627007,5.413099896403358
60,0.7021158129175946,0.7667123481531717,0.6403118040089086,0.7743946149912072,0.6035634743875279,0.8559748679067616,2.6295680957275933,0.43207126948775054,1.3388473353035466,0.44988864142538976,1.6373349279497142,0.3028953229398664,1.5500458332902871,4.762527821589685
61,0.7065701559020044,0.7682129637336147,0.6553452115812918,0.7606841104731528,0.6135857461024499,0.8421883148977114,2.599011879455804,0.7037861915367484,2.4214069181285747,0.7037861915367484,1.4976523292555841,0.5501113585746102,1.730709743526306,5.874372092015494
62,0.7082405345211581,0.7698648640334208,0.6631403118040089,0.741041206503764,0.6108017817371938,0.8500860965331573,2.574905824024056,0.7015590200445434,1.5464347517304537,0.688195991091314,1.2894761501946268,0.3674832962138085,1.6833847086785365,4.735104113219841
63,0.7065701559020044,0.7630076517241038,0.64086859688196,0.7855888712645108,0.6219376391982183,0.8375537337067398,2.60081966098539,0.6770601336302895,1.2942688676854284,0.6770601336302895,1.37449728125055,0.39420935412026725,1.2580766093757476,4.146793760541819
64,0.7143652561247216,0.7587133747233049,0.6714922048997772,0.7551963059833161,0.6041202672605791,0.8566995953398452,2.606229177827559,0.6347438752783965,2.0207144327312374,0.576837416481069,1.8008901852541883,0.44097995545657015,2.3748792725841295,6.436568673310142
65,0.7082405345211581,0.7431147701225196,0.6726057906458798,0.7501774757503136,0.6336302895322939,0.8114456469338296,2.530030867039228,0.4365256124721604,1.5569047083567935,0.3897550111358575,1.7381116404034247,0.30734966592427615,1.837880987367014,5.358590575262805
66,0.7160356347438753,0.7380474915350466,0.6631403118040089,0.7467534615096111,0.6258351893095768,0.8040597883523971,2.505932977311064,0.004454342984409799,2.5255129884239826,0.0,4.047642800218544,0.0022271714922048997,2.8470049159298494,9.632922350962072
67,0.7171492204899778,0.7343706073102547,0.6597995545657016,0.7505164437145326,0.626391982182628,0.8134681920299021,2.5106779663493746,0.43207126948775054,1.4754948232381009,0.38752783964365256,1.46197458789715,0.3051224944320713,1.739616142349413,4.880165421883088
68,0.7138084632516704,0.7568687072442741,0.6492204899777283,0.7705281749865526,0.6302895322939867,0.8182686066176154,2.558172985811807,0.4922048997772829,1.6601734886190673,0.4209354120267261,1.7701948010310828,0.30957683741648107,1.8959565704277734,5.5431164951791745
69,0.72271714922049,0.7225163203305285,0.6726057906458798,0.7352844447494881,0.6197104677060133,0.8174627627721077,2.494961612739648,0.13140311804008908,2.3314850699397134,0.0556792873051225,2.6133715317881188,0.23385300668151449,2.0983031719989396,7.269850770189927
70,0.7210467706013363,0.7261682722908351,0.6597995545657016,0.725116261926154,0.6325167037861915,0.8037183096254854,2.4669757515922157,0.6570155902004454,1.6504319504998575,0.6703786191536748,1.625462570308577,0.3986636971046771,1.4854753012115547,4.972178720950018
71,0.7165924276169265,0.7316390806290514,0.6714922048997772,0.7263709353843085,0.6419821826280624,0.8179165823156955,2.492455936487109,0.2026726057906459,2.4571283284682606,0.060133630289532294,3.165543630553248,0.11581291759465479,2.5020248677191597,8.331901559319952
72,0.717706013363029,0.7263374347198248,0.6592427616926503,0.7408557057646176,0.6275055679287305,0.8222386179894275,2.501806762542385,0.6570155902004454,1.5216001658503355,0.6503340757238307,1.3392561671463046,0.4209354120267261,1.8686737061077874,4.938271332955307
73,0.7388641425389755,0.7123072491191278,0.6792873051224945,0.7112420354627554,0.6169265033407573,0.8083461240962778,2.4408799067371936,0.3986636971046771,1.431370346609893,0.45879732739420936,1.5661818418311648,0.3897550111358575,1.5031719029878985,4.707888751890187
74,0.7249443207126949,0.7213954192426528,0.6759465478841871,0.7152456925281703,0.64086859688196,0.7808243522134284,2.4284366743601775,0.44320712694877507,1.70203937009342,0.41202672605790647,1.636464669869047,0.4053452115812918,1.6916837979000237,5.246715947089588
75,0.7310690423162584,0.7168664364745728,0.6804008908685969,0.7237199116124873,0.628619153674833,0.8249637420830589,2.4783842746823828,0.41648106904231624,1.2209917431684805,0.44543429844098,1.5359918813662965,0.35634743875278396,1.4457462582662535,4.405808766328943
76,0.7533407572383074,0.688533529937931,0.6870824053452116,0.7209319222743368,0.643652561247216,0.7822888461677959,2.4091771487934817,0.5211581291759465,1.3432698985250595,0.48552338530066813,1.5777538819674128,0.3741648106904232,1.5459551104989508,4.692848874625225
77,0.7243875278396437,0.7269402018235893,0.670935412026726,0.7211220610911703,0.6224944320712695,0.8272456546668752,2.4907031908863635,0.5991091314031181,1.4797230196291196,0.5456570155902004,1.3833038076791573,0.40757238307349664,1.5243063121702198,4.597932934495548
78,0.7427616926503341,0.6898070063383914,0.6804008908685969,0.7130586718663341,0.6341870824053452,0.7940085696218274,2.410726736276877,0.0,5.425278724169147,0.0,5.530829385022543,0.0022271714922048997,3.4995062823815974,14.673873965087076
79,0.7433184855233853,0.6858020820769011,0.6703786191536748,0.7277063734680083,0.6330734966592427,0.794819360851976,2.428321452077088,0.5478841870824054,2.151311056651092,0.5278396436525612,1.9467930591982563,0.41202672605790647,2.171558955198938,6.483950131720052
80,0.7422048997772829,0.6960195432394278,0.6932071269487751,0.6903821770226238,0.6430957683741648,0.7940744022218581,2.398877707780868,0.24721603563474387,1.6860231761146494,0.1915367483296214,1.8898956956204964,0.33853006681514475,1.7894795379022712,5.579191184521783
81,0.7416481069042317,0.6749961564694853,0.6909799554565702,0.6958339635805457,0.643652561247216,0.778072568117112,2.36519040137463,0.022271714922048998,3.146080008593859,0.0,2.778105764452758,0.0,3.077807878863838,9.217410287241096
82,0.7455456570155902,0.6751668128643376,0.6804008908685969,0.712595609686688,0.6497772828507795,0.7849568915791926,2.39390242073212,0.6726057906458798,1.6644248144829725,0.6837416481069042,1.4765480542368772,0.41202672605790647,1.7479161573677657,5.113552226255625
83,0.7483296213808464,0.6773922674374485,0.6842984409799554,0.6988979182423887,0.6514476614699332,0.7810188988534804,2.3753044814999758,0.5701559020044543,1.7647384083217927,0.5902004454342984,1.3312110869018963,0.42761692650334077,1.597391305893726,4.9105432495508
84,0.75,0.6742207955876013,0.6870824053452116,0.6918636502030167,0.6636971046770601,0.7653669984409698,2.3490922302339547,0.0,7.577321942505699,0.0,12.170425370435142,0.0,6.154767564251056,26.123071092805247
85,0.7371937639198218,0.6895945137553332,0.6993318485523385,0.6595692877514591,0.6464365256124721,0.7892051297997048,2.3719159908974357,0.09799554565701558,3.6347488215346644,0.0,5.577603791498129,0.4053452115812918,2.1431229757041335,11.581412440684431
86,0.7566815144766147,0.6645431277613862,0.7048997772828508,0.6832645058897396,0.6464365256124721,0.7688963461028441,2.344501704574959,0.40311804008908686,1.6023537787403455,0.311804008908686,1.9690557012048224,0.39198218262806234,1.9670522197052205,5.768647270372556
87,0.7466592427616926,0.6836562098267349,0.6898663697104677,0.7043288864510627,0.6364142538975501,0.7715899052226994,2.3974118105287276,0.1759465478841871,1.7491324032866344,0.22717149220489977,1.6045631350812508,0.39198218262806234,1.852469678445489,5.4524879551146235
88,0.7472160356347439,0.6541806662202146,0.6943207126948775,0.7004255022530035,0.6597995545657016,0.7640824434751923,2.359472705022264,0.0,10.83561341640413,0.0,11.318372618116621,0.0,6.567932035450415,28.964449583023853
89,0.7538975501113586,0.6646245577951316,0.6959910913140311,0.6779080682448662,0.6369710467706013,0.7837940265978365,2.363421985460549,0.47884187082405344,1.3311453413857117,0.512249443207127,1.5568012015060222,0.3741648106904232,1.5516660728539549,4.673026496955175
90,0.7494432071269488,0.6429848737251387,0.7010022271714922,0.6693211817794494,0.6553452115812918,0.7496788091542727,2.2937557804823454,0.48775055679287305,1.6645496305750314,0.48106904231625836,1.7470641765403323,0.37861915367483295,1.727386110875017,5.370562161528453
91,0.762249443207127,0.6330871151092323,0.7288418708240535,0.6458351932017999,0.6508908685968819,0.7685572565398396,2.2814299093853925,0.0334075723830735,3.2842446101003873,0.015590200445434299,3.3426126408948664,0.011135857461024499,3.041258223072723,9.903806554713599
92,0.7511135857461024,0.6588835039223754,0.688195991091314,0.6847956654489173,0.6776169265033407,0.7409683386307783,2.3199703188940783,0.39198218262806234,1.6262835876182353,0.3363028953229399,1.8395674573817604,0.3429844097995546,1.686268124123724,5.384296933367417
93,0.755011135857461,0.6407872213751807,0.6943207126948775,0.6887997360298522,0.6597995545657016,0.7528192182558947,2.3128300806992836,0.5456570155902004,2.216409967096319,0.47884187082405344,1.839694867221709,0.39643652561247217,1.9317164997215526,6.214123938290738
94,0.7605790645879733,0.6373263269181639,0.6993318485523385,0.655674174560736,0.6542316258351893,0.7745446327799944,2.2999311617859752,0.0,13.35376861419338,0.0,12.005511126698789,0.0,8.294669193786078,33.895893581194976
95,0.7778396436525612,0.6170482457281486,0.7138084632516704,0.65991742553849,0.6592427616926503,0.750155438293593,2.2731196405096417,0.30957683741648107,1.5466109777080985,0.3674832962138085,1.672881309067486,0.40757238307349664,1.7739856487393113,5.236903840555645
96,0.782293986636971,0.6149936927718946,0.7071269487750557,0.645177566129009,0.6804008908685969,0.719320880676431,2.222623363369557,0.0,6.0522405065778635,0.0,8.828044196810648,0.0,3.4870852059404673,18.610500713764694
97,0.7789532293986637,0.613287214778845,0.7126948775055679,0.666836789429586,0.6703786191536748,0.7370871443525454,2.260838531969916,0.21603563474387527,2.6437814695001447,0.042316258351893093,2.7524304530668364,0.2383073496659243,2.3126345036555507,7.951395935364449
98,0.782293986636971,0.6154069321059968,0.7171492204899778,0.6347999362345528,0.6648106904231625,0.74775691692176,2.246082900892653,0.37861915367483295,1.6905836206767502,0.26057906458797325,1.8828255660284337,0.31403118040089084,1.7812788781185194,5.600945530065184
99,0.7661469933184856,0.6167392030291939,0.7110244988864143,0.6513227673707932,0.6492204899777283,0.7437768374094719,2.2466916092785536,0.27839643652561247,2.268475261323967,0.19599109131403117,2.3526185211997257,0.40089086859688194,2.055367831995333,6.911146726799436
100,0.7639198218262806,0.6538103454495325,0.7099109131403119,0.657038859707741,0.6525612472160356,0.7634480622138637,2.3155339215539876,0.07126948775055679,3.641818542141293,0.022271714922048998,3.598932963171621,0.031180400890868598,3.022496172473797,10.501503491454772
101,0.7733853006681515,0.6182281863782347,0.7082405345211581,0.6472983433302898,0.6581291759465479,0.7513796710357369,2.2520634132398,0.0,9.646739753689161,0.0,10.714553818139839,0.0,4.464469368048925,25.05594177076174
102,0.7828507795100222,0.6028614901421064,0.7048997772828508,0.658146367107574,0.6525612472160356,0.7586550540674503,2.25745595271444,0.0,9.956273420881853,0.0,8.491768019236542,0.0,4.91338720459715,23.60408852201262
103,0.762249443207127,0.6131658775769258,0.7071269487750557,0.6600137669551611,0.6586859688195991,0.7452926007835796,2.260511229988727,0.5991091314031181,2.2407424275686587,0.5657015590200446,1.8289786559967263,0.31403118040089084,2.120205420959235,6.431631851833488
104,0.7850779510022272,0.5994358192838911,0.72271714922049,0.6204315923104573,0.6670378619153675,0.7210619265093304,2.183766080966771,0.46547884187082406,1.4835664116194625,0.46770601336302897,1.6115891309517263,0.3518930957683742,1.5843812532573607,4.919024844477597
105,0.7744988864142539,0.5986577181315634,0.7060133630289532,0.6554891670865312,0.670935412026726,0.735423142700259,2.235204228048601,0.0,8.732477901773091,0.0,5.454729480573489,0.0,6.377219385983949,20.80723342810548
106,0.7711581291759465,0.6099426377655934,0.7182628062360802,0.6381981816881218,0.6520044543429844,0.73432019014401,2.2314593595492016,0.0,7.812863823565714,0.0,8.956011396208426,0.0,4.639520190606404,21.66089042204791
107,0.7783964365256125,0.5896913477267348,0.7193763919821826,0.6352438819833216,0.6698218262806236,0.7359227813564589,2.208283131000459,0.5011135857461024,1.5707777990795722,0.49443207126948774,1.5498663781745927,0.3830734966592428,1.7168005832319535,5.083142260400649
108,0.77728285077951,0.5912999624598,0.7099109131403119,0.6386527257135557,0.6842984409799554,0.7174668608104732,2.196991072200189,0.4610244988864143,1.7090950129026825,0.49443207126948774,1.7269098198493498,0.40089086859688194,1.5853367937699723,5.27556884740137
109,0.7800668151447662,0.6066465602486596,0.720489977728285,0.6229672238131143,0.6714922048997772,0.7285534250311437,2.2183270103947357,0.5144766146993318,2.177713040055039,0.34743875278396436,2.120851828685582,0.33407572383073497,2.011822595893673,6.572594175359985
110,0.8006681514476615,0.5727861772202171,0.7243875278396437,0.6404674786966468,0.6776169265033407,0.7109765507994357,2.184654273009778,0.5278396436525612,1.5884976979087881,0.5389755011135857,1.3891682839871515,0.40757238307349664,1.5407845259774766,4.7802980801044965
111,0.7923162583518931,0.5559119340903509,0.7399777282850779,0.6093212278489281,0.6714922048997772,0.7183602352715813,2.1412856244297496,0.6191536748329621,2.4940818637144857,0.6191536748329621,2.218214138512622,0.5211581291759465,2.1319814224816644,7.104841541341259
112,0.7817371937639198,0.5964635215815829,0.7282850779510023,0.6396133903007465,0.6597995545657016,0.7360741227931594,2.2366647407047466,0.621380846325167,2.535142188355584,0.6703786191536748,1.9851381326372215,0.5055679287305123,2.0630458392252637,6.8480635852219
113,0.7834075723830735,0.5937087294751392,0.7282850779510023,0.6367694676453393,0.6531180400890868,0.7422532648976502,2.2370176137422932,0.46770601336302897,1.9350629329415896,0.32516703786191536,2.064270732131992,0.27616926503340755,1.979978245987924,6.2460216764352365
114,0.7951002227171492,0.5400636368379296,0.7338530066815144,0.5979911713863003,0.6820712694877505,0.6977005829258858,2.102269527110331,0.44320712694877507,2.2246111611066124,0.36525612472160357,2.263360705035832,0.4142538975501114,1.907265298085117,6.664850533406825
115,0.794543429844098,0.5610574985665574,0.7288418708240535,0.6094020052848255,0.660913140311804,0.7106719840741105,2.1542688918804007,0.060133630289532294,3.641647647377643,0.022271714922048998,3.3487497846905,0.004454342984409799,2.7412691689811997,10.001648779701284
116,0.77728285077951,0.5647984681389645,0.734966592427617,0.6088964315193534,0.6776169265033407,0.7132165015142055,2.1550548469568946,0.7037861915367484,2.293414210356183,0.7037861915367484,2.4288852080507803,0.43875278396436523,1.4924557623194161,6.484105750553327
117,0.8095768374164811,0.5172499253317083,0.7477728285077951,0.588104317740502,0.6692650334075724,0.7030418016066264,2.0764142901435463,0.23608017817371937,2.413864514941893,0.12249443207126949,2.4313924694910876,0.062360801781737196,2.286562537297374,7.399469066568897
118,0.7628062360801782,0.6282366281893843,0.7143652561247216,0.633342394750474,0.6798440979955457,0.7258557948078503,2.233851467846231,0.5033407572383074,1.9323243101880385,0.5077951002227171,1.6691317525101133,0.3518930957683742,1.9435366012471291,5.786128202366139
119,0.772271714922049,0.6202103954912028,0.72271714922049,0.6454300998413484,0.6636971046770601,0.7295259296363075,2.2403114688954004,0.7037861915367484,2.21162336076587,0.7037861915367484,2.128934505722669,0.4365256124721604,1.5252499397188624,6.116881748615766
120,0.7717149220489977,0.6235468866166665,0.7071269487750557,0.6529536769623746,0.670935412026726,0.736349295003377,2.2647990681280805,0.34075723830734966,1.315857514772224,0.6926503340757239,1.32798493917376,0.42538975501113585,1.505555663581415,4.399055367323232
121,0.7756124721603563,0.6000015424659895,0.7238307349665924,0.635518026245729,0.6648106904231625,0.7426603379387633,2.2290073216359705,0.5723830734966593,1.880816175048561,0.6547884187082406,1.8072946102489076,0.47884187082405344,1.7651889443663022,5.705015947133767
122,0.779510022271715,0.6011200028166739,0.7093541202672605,0.641583242899591,0.6681514476614699,0.73215967303926,2.2276390411275,0.30957683741648107,1.4196827839105857,0.23385300668151449,1.6460463721927396,0.42761692650334077,1.593076305028325,4.914890600472091
123,0.7767260579064588,0.5841347808993208,0.7255011135857461,0.632967807468699,0.6575723830734966,0.7306678702013529,2.207935383165865,0.30734966592427615,1.4926693989067672,0.24721603563474387,1.6892201778352394,0.41648106904231624,1.6356501247410253,5.0767495987941
124,0.779510022271715,0.6013529365073333,0.7065701559020044,0.6551651919472191,0.6497772828507795,0.7317722557913222,2.249156011504957,0.1492204899777283,2.1766238209930453,0.0334075723830735,2.441701480168808,0.1091314031180401,1.9234812148164269,6.806238463301967
125,0.7834075723830735,0.586978189630604,0.7243875278396437,0.6260320690267601,0.6653674832962138,0.7318318208766674,2.212060855597855,0.0,12.432484953865442,0.0,10.864088309103238,0.0,6.204542150476197,29.76309461529908
126,0.7750556792873051,0.5981941043600473,0.7249443207126949,0.6390113838863266,0.670935412026726,0.7402624191844914,2.2409333067641226,0.5233853006681515,1.5002362052422589,0.5077951002227171,1.6667102433259875,0.41648106904231624,1.4751785709491552,4.903030860662992
127,0.7800668151447662,0.5848570952569456,0.7271714922048997,0.6325877046664733,0.6620267260579065,0.7345081395853336,2.213777109881021,0.37639198218262804,1.9225866006052574,0.2650334075723831,2.1326834303233566,0.3184855233853007,1.814130905210839,6.131949316419844
128,0.7912026726057907,0.5688950433032816,0.7232739420935412,0.6145077047077213,0.6714922048997772,0.723665754487095,2.1660816966823586,0.40089086859688194,2.107643748776684,0.34075723830734966,1.9987724799090345,0.37639198218262804,1.811697960696401,6.172770633994869
129,0.8040089086859689,0.548391494792129,0.7366369710467706,0.6098000002332148,0.6776169265033407,0.7232612090015199,2.1369050913770375,0.2873051224944321,2.667029183001189,0.17371937639198218,3.037592944164319,0.2717149220489978,2.1360671116673866,8.098533118487998
130,0.7956570155902004,0.5591465041937436,0.7271714922048997,0.612107365792472,0.6636971046770601,0.699898795454964,2.1288546153856545,0.33853006681514475,1.8958738820589995,0.21603563474387527,2.202700169420986,0.3518930957683742,1.7647441914989581,6.1214231117265525
131,0.7873051224944321,0.5718970298103341,0.734966592427617,0.6263520187285536,0.670935412026726,0.7257117724631039,2.1892493753496947,0.4521158129175947,1.6846677218885358,0.4766146993318486,1.6156531790051534,0.4209354120267261,1.5416199600776213,5.115688046793099
132,0.7967706013363028,0.5352267836840753,0.7249443207126949,0.6026620955801754,0.6876391982182628,0.696221565815282,2.1014744096450126,0.4521158129175947,2.2535445946528014,0.32516703786191536,2.1060546233022133,0.35412026726057905,1.871649999130011,6.493851996211538
133,0.7900890868596881,0.5630163391409048,0.717706013363029,0.625420165420375,0.6937639198218263,0.7007928013403325,2.1534221915731453,0.30957683741648107,1.8169511915049734,0.20489977728285078,2.1161447590868296,0.39420935412026725,1.7438939146050365,5.945094097961562
134,0.7978841870824054,0.5429192349016002,0.7394209354120267,0.5863937473708644,0.6770601336302895,0.7106511572952525,2.114906580251681,0.0,11.285944050829235,0.0,9.139915593748368,0.0,5.371356744277716,26.07390447077082
135,0.7811804008908686,0.5783699185386267,0.732739420935412,0.6148684891003012,0.6820712694877505,0.6992647329258228,2.168535502291469,0.0,7.924722429373216,0.0,8.153293240043793,0.0,6.268754259249681,22.624180303119072
136,0.8023385300668151,0.5278013467058572,0.7433184855233853,0.5946307471706501,0.6932071269487751,0.7069942621319225,2.102249708897818,0.34075723830734966,2.3033505307805036,0.12694877505567928,2.4633397583441106,0.12472160356347439,2.2238974119878825,7.264285436982832
137,0.8040089086859689,0.5462579465821751,0.7422048997772829,0.6060694682438814,0.6698218262806236,0.6965820912130691,2.124060794611551,0.48106904231625836,2.889324776473598,0.5679287305122495,2.3881945685050003,0.42316258351893093,2.123050469863654,7.6802157410534555
138,0.8067928730512249,0.5187836483054543,0.7422048997772829,0.5735425460909417,0.6893095768374164,0.6902851169650963,2.0620063540664706,0.44766146993318484,1.938338051394524,0.39420935412026725,1.923931139349141,0.35634743875278396,1.7511116568920075,5.8921672612893286
139,0.8017817371937639,0.5368348927898768,0.7466592427616926,0.5892221462686769,0.6765033407572383,0.7129350881401308,2.1179763163649423,0.6770601336302895,2.833119143380442,0.7037861915367484,2.830123811793635,0.46325167037861914,1.5862293871978344,7.530143713898011
140,0.8012249443207127,0.537887025782154,0.7544543429844098,0.5775301157100694,0.6859688195991092,0.6718223156668827,2.073674857218175,0.0,14.965234446366274,0.0,16.11809539794922,0.0022271714922048997,5.522895060031611,36.89045719580024
141,0.8017817371937639,0.5199906503437357,0.7388641425389755,0.5854996412926102,0.6848552338530067,0.6823429383652778,2.072137673872882,0.028953229398663696,5.370088854983018,0.013363028953229399,4.3996486377078865,0.013363028953229399,3.164356806230439,13.21802056871172
142,0.7856347438752784,0.558689812774913,0.7366369710467706,0.5967922626200126,0.6820712694877505,0.7097858410237361,2.1524628650372173,0.5701559020044543,1.5689664596571422,0.5991091314031181,1.6111194914194418,0.42316258351893093,1.387624299871364,4.856331000083804
143,0.8112472160356348,0.5253271874878348,0.7310690423162584,0.5998436748184978,0.6998886414253898,0.6677413431467086,2.0807319170648113,0.45879732739420936,2.3086378514633945,0.36971046770601335,2.2150989140327897,0.3429844097995546,2.015543075340628,6.828576401241107
144,0.8151447661469933,0.5012501304956746,0.755011135857461,0.5622142527775138,0.6898663697104677,0.6845413783278922,2.035134868791746,0.6169265033407573,2.482498160638081,0.6080178173719376,2.1949659347998804,0.49888641425389757,2.035792608303588,7.000051406019249
145,0.8084632516703786,0.5108745795133252,0.7544543429844098,0.5585754844287456,0.6826280623608018,0.6785900250973309,2.038958066821364,0.155902004454343,2.9559602296697536,0.024498886414253896,2.9873226373923116,0.08685968819599109,2.1964448459429837,8.429393417851166
146,0.8123608017817372,0.5218665622722333,0.75,0.5710550331591497,0.6887527839643652,0.6796337772982157,2.0603220250399445,0.4365256124721604,2.0170344320065725,0.45879732739420936,1.853343619270155,0.36302895322939865,1.7898275706178628,5.948159466342034
147,0.8101336302895323,0.5148065371608946,0.7594654788418709,0.5677458948739919,0.6893095768374164,0.6741557909146715,2.0471223746747906,0.017817371937639197,5.205410896802532,0.0,6.124701727206563,0.008908685968819599,3.6208201219350564,15.243780692595417
148,0.8084632516703786,0.5074201498288488,0.7577951002227171,0.5633598409410574,0.6798440979955457,0.6732752404459866,2.0358520932080753,0.004454342984409799,14.570696416570243,0.0,12.840461994332566,0.011135857461024499,6.909186344104248,34.61265224125444
149,0.8012249443207127,0.5259259526341954,0.7533407572383074,0.570968937203454,0.688195991091314,0.680280542519682,2.0794570244234762,0.3830734966592428,2.112772230382486,0.26280623608017817,2.2536233224157236,0.31625835189309576,1.910938449320124,6.5805980782200875
150,0.8207126948775055,0.4820411296391275,0.7511135857461024,0.5587624535794248,0.7015590200445434,0.6593495936263642,1.9981800378829175,0.38752783964365256,2.149835829479923,0.3051224944320713,2.351307445751267,0.39420935412026725,1.904281807901599,6.700894170986252
